Название (App Store),Комментарий,App ID,Bundle ID,Разработчик,Версия,Мин. iOS,iOS,iPadOS,Размер (МБ),Добавлено,RU,TR,IN,US,KZ,AM,AZ,BY,KG,TJ,TM,UA,UZ,DE,EE,FR,IT,LT,LV,PL,HK,CN,TW,BR,CA,GE,IL,JP,ZA
2GIS Immersive,,6476902378,ru.doublegis.immersive.vision,"LLC ""DoubleGIS""",1.1,1.0,✗,✗,474.2,14.09.2026,✓,✓,✗,✓,✓,✓,✓,✓,✓,✗,✗,✗,✓,✗,✗,✗,✗,✗,✗,✗,✗,✗,✗,✗,✗,✓,✗,✗,✗
"2ГИС: карты, навигатор, друзья",,481627348,ru.doublegis.grymmobile,"LLC ""DoubleGIS""",7.28,16.0,✓,✓,425.3,14.09.2026,✓,✓,✓,✗,✓,✓,✓,✓,✓,✓,✓,✗,✓,✗,✗,✗,✗,✗,✗,✗,✓,✓,✓,✓,✗,✓,✗,✗,✓
AmneziaWG,VPN App,6478942365,org.amnezia.awg,Privacy Technologies,3.1.4,15.0,✓,✓,33.6,08.09.2026,✓,✓,✓,✓,✓,✓,✓,✓,✓,✓,✓,✓,✓,✓,✓,✓,✓,✓,✓,✓,✓,✓,✓,✓,✓,✓,✓,✓,✓
Beeline Partner,,1482109390,ru.beeline.partner,PJSC VimpelCom,123.1,13.0,✓,✓,91.6,14.09.2026,✓,✗,✗,✗,✗,✗,✗,✗,✗,✗,✗,✗,✗,✗,✗,✗,✗,✗,✗,✗,✗,✗,✗,✗,✗,✗,✗,✗,✗
BeeTrack,,6443979908,ru.beeline.beetrack,PJSC VimpelCom,4.5.4.1114,13.0,✓,✓,111.9,14.09.2026,✓,✓,✓,✓,✓,✓,✓,✓,✓,✓,✓,✓,✓,✓,✓,✓,✓,✓,✓,✓,✓,✓,✓,✓,✓,✓,✓,✓,✓
BeeTrack Tracker,,6449971471,ru.beeline.beetrack.tracker,PJSC VimpelCom,4.5.4.1114,13.0,✓,✓,111.1,14.09.2026,✓,✗,✗,✗,✗,✗,✗,✓,✗,✗,✗,✗,✗,✗,✗,✗,✗,✗,✗,✓,✗,✗,✗,✗,✗,✗,✗,✗,✗
BillFO,Газпром Инвестиции,6759976509,ru.billfo.mobile,Evgeniy Pavlichenkov,1.159.21,15.1,✓,✓,135.2,28.08.2026,✓,✓,✗,✗,✓,✓,✗,✓,✗,✗,✗,✗,✗,✗,✗,✗,✗,✗,✗,✗,✗,✗,✗,✗,✗,✗,✗,✗,✗
Breathio - mindful breathing,Точка Банк,6748306805,io.breath.app,Samantha Bradley,1.11,17.0,✓,✓,28.9,14.09.2026,✓,✓,✓,✓,✓,✓,✓,✓,✓,✓,✓,✓,✓,✓,✗,✓,✗,✗,✓,✓,✓,✓,✓,✓,✓,✓,✓,✓,✓
Buzz,,6755870589,ru.beeline.messengerx,PJSC VimpelCom,3.72,16.6,✓,✓,448.8,14.09.2026,✓,✓,✓,✓,✓,✓,✓,✓,✓,✓,✓,✓,✓,✓,✓,✓,✓,✓,✓,✓,✗,✗,✓,✓,✓,✓,✓,✓,✓
Chatzone,,1627731495,ru.ozon.chatzone,OZON.ru,3.31.3,15.5,✓,✓,83.0,28.08.2026,✓,✓,✓,✓,✓,✓,✓,✓,✓,✓,✓,✓,✓,✓,✓,✓,✓,✓,✓,✓,✓,✓,✓,✓,✓,✓,✓,✓,✓
DIKIDI Business,,997282718,ru.dikidi.beauty.admin,Direct Cursus Computer Systems Trading,4.3.8,16.0,✓,✓,169.4,28.08.2026,✓,✓,✓,✓,✓,✓,✓,✓,✓,✓,✗,✗,✓,✓,✓,✓,✓,✓,✓,✓,✓,✗,✓,✓,✓,✓,✓,✗,✓
DIKIDI Online,,957691480,ru.dikidi,Direct Cursus Computer Systems Trading,4.6.5,17.0,✓,✓,45.6,28.08.2026,✓,✗,✗,✗,✓,✗,✗,✓,✗,✗,✗,✗,✗,✗,✗,✗,✗,✗,✗,✗,✗,✗,✗,✗,✗,✗,✗,✗,✗
Dixy GIS,,1515140681,com.CPI.DixyGIS,DIXY,1.0.15,10.0,✓,✓,78.0,14.09.2026,✓,✗,✗,✗,✗,✗,✗,✗,✗,✗,✗,✗,✗,✗,✗,✗,✗,✗,✗,✗,✗,✗,✗,✗,✗,✗,✗,✗,✗
DriveM,,6743110060,ru.magnit.drivem,ЗАО Тандер,3.10.1,15.6,✓,✓,87.1,14.09.2026,✓,✓,✓,✓,✓,✓,✓,✓,✓,✓,✓,✓,✓,✓,✓,✓,✓,✓,✓,✓,✓,✓,✓,✓,✓,✓,✓,✓,✓
Express24: taom va do‘konlar,,1367143501,com.uznewmax.theflash,Mikromobilnost doo,8.88.0,16.0,✓,✓,340.0,28.08.2026,✓,✓,✓,✓,✓,✓,✓,✓,✓,✓,✓,✓,✓,✓,✓,✓,✓,✓,✓,✓,✓,✓,✓,✓,✓,✓,✓,✓,✓
Fasten Belarus: Заказ такси,,1447876061,ru.yandex.uber-by,"KRONOS, OOO",700.157.3,16.0,✓,✓,405.3,14.09.2026,✓,✓,✓,✓,✓,✓,✗,✓,✓,✓,✓,✗,✓,✓,✗,✓,✓,✗,✗,✓,✓,✓,✓,✓,✓,✓,✓,✓,✓
Fasten Russia: Заказ такси,,1438528886,ru.yandex.uber,"KRONOS, OOO",700.157.3,16.0,✓,✓,405.0,14.09.2026,✓,✓,✓,✓,✓,✓,✗,✓,✓,✓,✓,✗,✓,✓,✗,✓,✓,✗,✗,✓,✓,✓,✓,✓,✓,✓,✓,✓,✓
FOOD-DRIVE,,1552227111,ru.amio.food-drive,X5 Retail Group,1.0.3,11.4,✓,✓,81.1,14.09.2026,✓,✓,✓,✓,✓,✓,✓,✓,✓,✓,✓,✓,✓,✓,✓,✓,✓,✓,✓,✓,✓,✓,✓,✓,✓,✓,✓,✓,✓
Food.ru: пошаговые фоторецепты,,1568506349,ru.x5.foodru,X5 Retail Group,02.23.00,17.0,✓,✓,113.3,14.09.2026,✓,✗,✗,✗,✓,✓,✓,✓,✓,✓,✓,✓,✓,✗,✗,✗,✗,✗,✗,✗,✗,✗,✗,✗,✗,✓,✓,✗,✗
FuellnTime,Т-Инвестиции,6799090729,com.ivars.fueltime,IVARS NORMUNDS BALODIS,1.3,16.0,✓,✓,231.3,08.09.2026,✗ (09.09.2026),✗ (09.09.2026),✗ (09.09.2026),✗ (09.09.2026),✗ (09.09.2026),✗ (09.09.2026),✗ (09.09.2026),✗ (09.09.2026),✗ (09.09.2026),✗ (09.09.2026),✗ (09.09.2026),✗ (09.09.2026),✗ (09.09.2026),✗ (09.09.2026),✗ (09.09.2026),✗ (09.09.2026),✗ (09.09.2026),✗ (09.09.2026),✗ (09.09.2026),✗ (09.09.2026),✗ (09.09.2026),✗,✗ (09.09.2026),✗ (09.09.2026),✗ (09.09.2026),✗ (09.09.2026),✗ (09.09.2026),✗ (09.09.2026),✗ (09.09.2026)
GPSRecorder,,6781601356,ru.doublegis.GPSRecorder,"LLC ""DoubleGIS""",1.0.0,18.0,✓,✓,7.5,14.09.2026,✓,✗,✗,✗,✓,✓,✓,✗,✗,✗,✗,✗,✓,✗,✗,✗,✗,✗,✗,✗,✗,✗,✗,✗,✗,✓,✗,✗,✗
Happ Lite,VPN App,6799917773,su.ffg.happ.lite,Flyfrog LLC,5.8.1,15.0,✓,✓,343.5,14.09.2026,✓,✗,✗,✗,✗,✗,✗,✗,✗,✗,✗,✗,✗,✗,✗,✗,✗,✗,✗,✗,✗,✗,✗,✗,✗,✗,✗,✗,✗
HealthFlow - Помощник здоровья,Альфа Страхование,6756132649,com.itsportliver.health,IT SPORT LIVER< MCHJ,3.71.0,17.1,✓,✓,47.5,28.08.2026,✓,✓,✓,✓,✓,✓,✓,✓,✓,✓,✓,✓,✓,✗,✗,✗,✗,✗,✗,✗,✓,✓,✓,✓,✓,✓,✓,✓,✓
incy,VPN App,6756943388,llc.itdev.incy,LLC ITDEV,2.6.1,15.0,✓,✓,178.5,08.09.2026,✓,✓,✓,✓,✓,✓,✓,✓,✓,✓,✓,✓,✓,✓,✓,✓,✓,✓,✓,✓,✓,✗,✓,✓,✓,✓,✓,✓,✓
KLASTA,,6758207829,ru.mts.klasta.ios.app,Mobile TeleSystems Public Joint Stock Company,1.5.0 (2),17.0,✓,✓,126.5,14.09.2026,✓,✓,✓,✓,✓,✓,✓,✓,✓,✓,✓,✓,✓,✓,✓,✓,✓,✓,✓,✓,✓,✗,✓,✓,✓,✓,✓,✓,✓
LoCo: поездки по городу,,6773791408,com.loco.rider,Mikromobilnost doo,1.34.0,13.0,✓,✓,51.5,28.08.2026,✓,✓,✓,✓,✓,✓,✓,✓,✓,✓,✓,✓,✓,✓,✓,✓,✓,✓,✓,✓,✓,✓,✓,✓,✓,✓,✓,✓,✓
LunarCode,Новикомбанк,6764754827,com.kozunpartners.nightcode,Kozun & Partners,1.10.7,12.0,✓,✓,30.3,28.08.2026,✗ (07.09.2026),✗ (07.09.2026),✗ (07.09.2026),✗ (07.09.2026),✗ (07.09.2026),✗ (07.09.2026),✗ (07.09.2026),✗ (07.09.2026),✗ (07.09.2026),✗ (07.09.2026),✗ (07.09.2026),✗ (07.09.2026),✗ (07.09.2026),✗ (07.09.2026),✗ (07.09.2026),✗,✗ (07.09.2026),✗ (07.09.2026),✗ (07.09.2026),✗ (07.09.2026),✗ (07.09.2026),✗ (07.09.2026),✗ (07.09.2026),✗ (07.09.2026),✗ (07.09.2026),✗ (07.09.2026),✗ (07.09.2026),✗ (07.09.2026),✗ (07.09.2026)
Menu.am - Доставка еды,,991535987,am.menu.app,Mikromobilnost doo,8.60.0,16.0,✓,✓,279.4,28.08.2026,✓,✓,✓,✓,✓,✓,✓,✓,✓,✓,✓,✓,✓,✓,✓,✓,✓,✓,✓,✓,✓,✓,✓,✓,✓,✓,✓,✓,✓
Metro–live,,1457817571,ru.mosmetro.livephoto,ГУП Московский Метрополитен,1.1,11.3,✓,✓,44.4,14.09.2026,✓,✓,✓,✓,✓,✓,✓,✓,✓,✓,✓,✓,✓,✓,✓,✓,✓,✓,✓,✓,✓,✓,✓,✓,✓,✓,✓,✓,✓
MTS Remote play,,1627685267,ru.mts.remoteplay,Mobile TeleSystems Public Joint Stock Company,1.2.1,15.0,✓,✓,15.3,14.09.2026,✓,✗,✗,✗,✗,✗,✗,✗,✗,✗,✗,✗,✗,✗,✗,✗,✗,✗,✗,✗,✗,✗,✗,✗,✗,✗,✗,✗,✗
myteam: приложение для команды,,1529848430,ru.wildberries.WBTeam2,WB FZE,5.1.1,16.0,✓,✓,148.5,28.08.2026,✓,✓,✗,✗,✓,✓,✓,✓,✓,✓,✗,✗,✓,✗,✗,✗,✗,✗,✗,✗,✗,✓,✗,✗,✗,✗,✓,✗,✗
Namba Food - сервис доставки,,1025646714,kg.namba.nambafood,Mikromobilnost doo,3.0.1,12.0,✓,✓,80.3,28.08.2026,✓,✓,✓,✓,✓,✓,✓,✓,✓,✓,✓,✓,✓,✓,✓,✓,✓,✓,✓,✓,✓,✓,✓,✓,✓,✓,✓,✓,✓
Ozon Check: Агенты,,6742407316,ru.ozon.fintech.check,"OZON MARKETPLEIS KAZAKHSTAN, TOO",19.27.0,15.0,✓,✓,201.8,28.08.2026,✓,✓,✓,✓,✓,✓,✓,✓,✓,✓,✓,✓,✓,✗,✗,✗,✗,✗,✗,✗,✗,✗,✓,✓,✓,✓,✓,✓,✓
Ozon fresh,,6745182892,ru.ozon.fresh,OZON.ru,19.34.0,15.0,✓,✓,410.2,28.08.2026,✓,✓,✓,✓,✓,✓,✓,✓,✓,✓,✓,✓,✓,✓,✓,✓,✓,✓,✓,✓,✗,✗,✗,✓,✓,✓,✓,✓,✓
Ozon Job,,6498711171,ru.ozon.hire.app,OZON.ru,2.28.0,16.0,✓,✓,326.3,28.08.2026,✓,✓,✓,✓,✓,✓,✓,✓,✓,✓,✓,✓,✓,✓,✓,✓,✓,✓,✓,✓,✓,✗,✓,✓,✓,✓,✓,✓,✓
Ozon Profit,,6753204673,ru.ozon.profit,OZON.ru,1.12.0,15.0,✓,✓,240.6,28.08.2026,✓,✓,✓,✓,✓,✓,✓,✓,✓,✓,✓,✓,✓,✓,✓,✓,✓,✓,✓,✓,✓,✓,✓,✓,✓,✓,✓,✓,✓
Ozon Seller: для продавцов,,1501167158,ru.ozon.sellerApp,OZON.ru,4.34.0,15.0,✓,✓,607.4,28.08.2026,✓,✓,✓,✓,✓,✓,✓,✓,✓,✓,✓,✓,✓,✓,✓,✓,✓,✓,✓,✓,✓,✓,✓,✓,✓,✓,✓,✓,✓
"Ozon Travel: Отели, Авиа и ЖД",,959592459,travel.ozon.mobile,OZON.ru,19.34.0,15.0,✓,✓,352.5,28.08.2026,✓,✓,✓,✓,✓,✓,✓,✓,✓,✓,✓,✓,✓,✓,✓,✓,✓,✓,✓,✓,✗,✗,✗,✓,✓,✓,✓,✓,✓
Ozon Банк,,1629869891,ru.ozon.fintech.finance,"OZON MARKETPLEIS KAZAKHSTAN, TOO",19.27.0,15.0,✓,✓,252.3,28.08.2026,✓,✓,✓,✓,✓,✓,✓,✓,✓,✓,✓,✓,✓,✗,✗,✗,✗,✗,✗,✗,✓,✗,✓,✓,✓,✓,✓,✓,✓
Ozon Банк для бизнеса,,1601989299,ru.ozon.fintech.sme,"OZON MARKETPLEIS KAZAKHSTAN, TOO",19.27.0,15.0,✓,✓,249.4,28.08.2026,✓,✓,✓,✓,✓,✓,✓,✓,✓,✓,✓,✓,✓,✗,✗,✗,✗,✗,✗,✗,✓,✗,✓,✓,✓,✓,✓,✓,✓
Ozon Курьер Экспресс,,6458101936,ru.ozon.flex.app,OZON.ru,1.89.0,15.0,✓,✓,382.6,28.08.2026,✓,✓,✓,✓,✓,✓,✓,✓,✓,✓,✓,✓,✓,✓,✓,✓,✓,✓,✓,✓,✓,✓,✓,✓,✓,✓,✓,✓,✓
Ozon Селект: брендовые товары,,6745216294,ru.ozon.select,OZON.ru,19.34.0,15.0,✓,✓,402.9,28.08.2026,✓,✓,✓,✓,✓,✓,✓,✓,✓,✓,✓,✓,✓,✓,✓,✓,✗ (10.09.2026),✓,✓,✓,✗,✗,✗,✓,✓,✓,✓,✓,✓
"OZON: товары, одежда, билеты",,407804998,ru.ozon.OzonStore,OZON.ru,19.34.0,15.0,✓,✓,421.3,28.08.2026,✓,✓,✓,✓,✓,✓,✓,✓,✓,✓,✓,✓,✓,✓,✓,✓,✓,✓,✓,✓,✗,✗,✗,✓,✓,✓,✓,✓,✓
PianoWave,Premier,6773297506,com.pianowave.musicgame,ANDREAS GEORGIOU,1.2.0,16.0,✓,✓,82.7,28.08.2026,✓,✗,✗,✗,✓,✓,✓,✓,✓,✓,✓,✓,✓,✗,✗,✗,✗,✗,✗,✗,✗,✗,✗,✗,✗,✗,✗,✗,✗
Pink Taxi Nova,,6749844127,com.pink.rider,Mikromobilnost doo,1.31.1,13.0,✓,✓,52.3,28.08.2026,✓,✓,✓,✓,✓,✓,✓,✓,✓,✓,✓,✓,✓,✓,✓,✓,✓,✓,✓,✓,✓,✓,✓,✓,✓,✓,✓,✓,✓
ruID,,6745255593,com.minsvyaz.gosuslugi.ruid,Минкомсвязь РФ,1.8.1,15.0,✓,✓,66.1,27.08.2026,✓,✓,✓,✓,✓,✓,✓,✓,✓,✓,✓,✓,✓,✓,✓,✓,✓,✓,✓,✓,✓,✓,✓,✓,✓,✓,✓,✓,✓
Shadowrocket,VPN App,932747118,com.liguangming.Shadowrocket,Shadow Launch Technology Limited,2.2.92,13.0,✓,✓,53.0,08.09.2026,✓,✓,✓,✓,✓,✓,✓,✓,✓,✓,✓,✓,✓,✓,✓,✓,✓,✓,✓,✓,✓,✗,✓,✓,✓,✓,✓,✓,✓
sing-box MT,VPN App,6785326793,io.nekohasekai.sfamt,Metamerism LLC,1.14.4,15.0,✓,✓,91.5,08.09.2026,✓,✓,✓,✓,✓,✓,✓,✓,✓,✓,✓,✓,✓,✓,✓,✓,✓,✓,✓,✓,✓,✗,✓,✓,✓,✓,✓,✓,✓
SlicingDices,Rutube,6766530710,com.slicingdice.game,Tyler Diaz,1.3.0,16.0,✓,✓,66.1,28.08.2026,✓,✗,✗,✗,✓,✓,✓,✓,✓,✗,✗,✗,✗,✗,✗,✗,✗,✗,✗,✗,✗,✗,✗,✗,✗,✓,✗,✗,✗
Starship Battle: Commander,Rutube,6760892177,com.starshipBattle.commander,Adriano Fontana,1.5.0,16.0,✓,✓,112.4,28.08.2026,✓,✓,✗,✗,✓,✓,✓,✓,✓,✓,✓,✓,✓,✗,✗,✗,✗,✗,✗,✗,✗,✗,✗,✗,✗,✓,✗,✗,✗
Tag,,6749683991,ru.magnit.tag,ЗАО Тандер,2.1,16.0,✓,✓,106.8,14.09.2026,✓,✓,✓,✓,✓,✓,✓,✓,✓,✓,✓,✓,✓,✓,✓,✓,✓,✓,✓,✓,✓,✓,✓,✓,✓,✓,✓,✓,✓
Travel — Отели и авиабилеты,,1292213934,ru.aviasales.travel,Go Travel Un Limited,1.2.2,9.0,✓,✓,147.7,14.09.2026,✓,✓,✓,✓,✓,✓,✓,✓,✓,✓,✓,✓,✓,✓,✓,✓,✓,✓,✓,✓,✓,✓,✓,✓,✓,✓,✓,✓,✓
Travelpayouts,,1117826579,com.travelpayouts,Go Travel Un Limited,3.5.1,14.0,✓,✓,51.5,14.09.2026,✓,✓,✓,✓,✓,✓,✓,✓,✓,✓,✓,✓,✓,✓,✓,✓,✓,✓,✓,✓,✓,✓,✓,✓,✓,✓,✓,✓,✓
UZTV: ТВ онлайн,,1557439443,com.spbtv.tv.ntrk,PJSC VimpelCom,1.19.2,12.0,✓,✓,49.6,14.09.2026,✓,✓,✓,✓,✓,✓,✓,✓,✓,✓,✓,✓,✓,✓,✓,✓,✓,✓,✓,✓,✓,✓,✓,✓,✓,✓,✓,✓,✓
WB Chat,,6747973915,ru.wildberries.wbworkspace,WB FZE,1.18.0,18.0,✓,✓,171.9,27.08.2026,✓,✓,✓,✓,✓,✓,✓,✓,✓,✓,✓,✓,✓,✓,✓,✓,✓,✓,✓,✓,✓,✗,✓,✓,✓,✓,✓,✓,✓
WB Drive,,1641368376,com.wildberries.WB-Drive,Wildberries OOO,6.0.3,15.6,✓,✓,155.5,28.08.2026,✓,✗,✗,✗,✓,✓,✗,✓,✓,✓,✗,✗,✓,✗,✗,✗,✗,✗,✗,✗,✗,✗,✗,✗,✗,✗,✗,✗,✗
WB Go,,1665887343,ru.wildberries.wildberriesgo,Wildberries OOO,3.3.0,15.5,✓,✓,61.0,28.08.2026,✓,✗,✗,✗,✗,✓,✗,✗,✓,✗,✗,✗,✗,✗,✗,✗,✗,✗,✗,✗,✗,✗,✗,✗,✗,✗,✗,✗,✗
WB Job,,1499529976,ru.wildberries.WBTeam,Wildberries OOO,5.104.0,15.0,✓,✓,169.1,28.08.2026,✓,✗,✗,✗,✓,✓,✗,✓,✓,✓,✗,✗,✓,✗,✗,✗,✗,✗,✗,✗,✗,✗,✗,✗,✗,✗,✗,✗,✗
WB Partners,,1661093227,RU.WILDBERRIES.MOBILEAPP.WBPartners,Wildberries OOO,2.41.0,16.0,✓,✓,480.9,28.08.2026,✓,✗,✗,✗,✓,✓,✗,✓,✓,✓,✗,✗,✓,✗,✗,✗,✗,✗,✗,✗,✗,✗,✗,✗,✗,✗,✗,✗,✗
WB Point,,1528507238,RU.WILDBERRIES.APPPOINT,Wildberries OOO,3.63.0,15.5,✓,✓,53.8,28.08.2026,✓,✗,✗,✗,✓,✓,✗,✓,✓,✓,✓,✗,✓,✗,✗,✗,✗,✗,✗,✗,✗,✗,✗,✗,✗,✗,✗,✗,✗
WB Stream,,1645878877,com.wildberries.wbstream,Wildberries OOO,5.7.1,15.6,✓,✓,79.5,28.08.2026,✓,✗,✗,✗,✓,✓,✓,✓,✓,✓,✗,✗,✓,✗,✗,✗,✗,✗,✗,✗,✗,✗,✗,✗,✗,✗,✓,✗,✗
WB TAXI: сервис заказа такси,,6755240054,uz.wildberries.taxi.client,WB FZE,1.0.21,16.0,✓,✓,165.5,28.08.2026,✓,✗,✗,✗,✓,✗,✗,✓,✓,✗,✗,✗,✓,✗,✗,✗,✗,✗,✗,✗,✗,✗,✗,✗,✗,✗,✗,✗,✗
WB Travel,,1507759014,RU.WILDBERRIES.TRAVEL,Wildberries OOO,4.2.0,15.0,✓,✓,98.8,28.08.2026,✓,✓,✗,✗,✓,✓,✓,✓,✓,✓,✗,✗,✓,✗,✗,✗,✗,✗,✗,✗,✗,✗,✗,✗,✗,✓,✗,✗,✗
WB Книги,,6739949061,ru.wildberries.wbbooks,WB FZE,3.1.0,17.0,✓,✓,143.0,28.08.2026,✓,✓,✓,✓,✓,✓,✓,✓,✓,✓,✓,✓,✓,✓,✓,✓,✓,✓,✓,✓,✓,✗,✓,✓,✓,✓,✓,✓,✓
WB Курьер,,6444680258,com.wb.courierClient,Wildberries OOO,3.8.0,16.0,✓,✓,223.6,28.08.2026,✓,✗,✗,✗,✓,✓,✗,✓,✓,✗,✗,✗,✓,✗,✗,✗,✗,✗,✗,✗,✗,✗,✗,✗,✗,✗,✗,✗,✗
WB на Связи,,1573234597,ru.wildberries.WBConsultation,Wildberries OOO,3.1.25,14.0,✓,✓,112.5,28.08.2026,✓,✗,✗,✗,✓,✓,✗,✓,✓,✗,✗,✗,✗,✗,✗,✗,✗,✗,✗,✗,✗,✗,✗,✗,✗,✗,✗,✗,✗
WB ПВЗ,,6745411712,com.pvz.mobile,WB FZE,0.35.1,15.6,✓,✓,232.3,28.08.2026,✓,✓,✓,✓,✓,✓,✓,✓,✓,✓,✓,✓,✓,✓,✓,✓,✓,✓,✓,✓,✓,✓,✓,✓,✓,✓,✓,✓,✓
"Wibes: видео, тренды и шопинг",,6739610878,com.wildberries.WibeProd,Wildberries OOO,1.55.0,16.0,✓,✓,174.8,28.08.2026,✓,✓,✓,✗,✓,✓,✓,✓,✓,✓,✓,✗,✓,✓,✗,✓,✓,✗,✗,✗,✓,✓,✓,✓,✓,✓,✓,✓,✓
WILDBERRIES,,597880187,RU.WILDBERRIES.MOBILEAPP,Wildberries OOO,7.8.0001,15.0,✓,✓,656.4,27.08.2026,✓,✓,✓,✓,✓,✓,✗,✓,✓,✓,✓,✗,✓,✓,✗,✓,✓,✗,✗,✗,✓,✓,✓,✓,✓,✓,✓,✓,✓
X5 Future Night,,6498632658,ru.x5.futurenight,X5 Retail Group,9.7.1,14.0,✓,✓,191.2,14.09.2026,✓,✓,✓,✓,✓,✓,✓,✓,✓,✓,✓,✓,✓,✓,✓,✓,✓,✓,✓,✓,✓,✓,✓,✓,✓,✓,✓,✓,✓
X5 Jobs: найти вакансии рядом,,6756025925,ru.x5.X5Jobs,X5 Retail Group,1.8.0,16.0,✓,✓,233.2,14.09.2026,✓,✓,✓,✓,✓,✓,✓,✓,✓,✓,✓,✓,✓,✓,✓,✓,✓,✓,✓,✓,✓,✓,✓,✓,✓,✓,✓,✓,✓
X5 Run,,6759965433,ru.x5.X5Run,X5 Retail Group,1.0.46,16.6,✓,✓,63.3,14.09.2026,✓,✓,✓,✓,✓,✓,✓,✓,✓,✓,✓,✓,✓,✓,✓,✓,✓,✓,✓,✓,✓,✓,✓,✓,✓,✓,✓,✓,✓
X5 Ключ,,1608347582,ru.x5.key,X5 Retail Group,1.13.1,13.0,✓,✓,37.6,14.09.2026,✓,✓,✓,✓,✓,✓,✓,✓,✓,✓,✓,✓,✓,✓,✓,✓,✓,✓,✓,✓,✓,✓,✓,✓,✓,✓,✓,✓,✓
X5 Транспорт,,6784236043,ru.x5.transport.app.super,X5 Retail Group,26.9.3,16.6,✓,✓,119.4,14.09.2026,✓,✓,✓,✓,✓,✓,✓,✓,✓,✓,✓,✗,✓,✓,✓,✗,✓,✓,✓,✓,✓,✓,✓,✓,✓,✓,✓,✓,✓
Yandex Browser for iPad,,574939428,ru.yandex.mobile.search.ipad,Direct Cursus Computer Systems Trading,25.07.1.357,15.0,✗,✓,372.4,28.08.2026,✓,✓,✓,✓,✓,✓,✓,✓,✓,✓,✓,✗,✓,✓,✓,✓,✓,✓,✓,✓,✓,✗,✓,✓,✓,✓,✓,✓,✓
Yandex Cloud,,1515465314,ru.yandex.mobile.cloud,Direct Cursus Computer Systems Trading,1.8.6,15.0,✓,✓,29.7,28.08.2026,✓,✓,✗,✗,✓,✓,✓,✓,✓,✓,✓,✗,✓,✓,✓,✓,✓,✓,✓,✓,✗,✗,✗,✗,✗,✓,✓,✗,✗
Yango Maps,,1665672451,com.yango.maps.ios,Direct Cursus Computer Systems Trading,30.6.2,17.0,✓,✓,815.7,28.08.2026,✓,✓,✓,✓,✓,✓,✓,✓,✓,✓,✓,✗,✓,✓,✓,✓,✓,✓,✓,✓,✓,✓,✓,✓,✓,✓,✓,✓,✓
Авиасейлс Бизнес. Командировки,,6472999731,ru.aviasales.b2b,Go Travel Un Limited,1.4.5,15.0,✓,✓,52.8,14.09.2026,✓,✓,✓,✓,✓,✓,✓,✓,✓,✓,✓,✓,✓,✓,✓,✓,✓,✓,✓,✓,✓,✓,✓,✓,✓,✓,✓,✓,✓
Авиасейлс — авиабилеты дешево,,498958864,ru.aviasales.app,Go Travel Un Limited,9.34,17.0,✓,✓,324.1,14.09.2026,✓,✓,✓,✓,✓,✓,✓,✓,✓,✓,✓,✓,✓,✓,✓,✓,✓,✓,✓,✓,✓,✓,✓,✓,✓,✓,✓,✓,✓
АВК Гид,Металлинвестбанк,6759909091,com.avkgrupp.gid,OOO AVK-GRUPP,6.23.0,15.5,✓,✓,199.5,02.09.2026,✓,✓,✓,✓,✓,✓,✓,✓,✓,✓,✓,✓,✓,✗,✗,✗,✗,✗,✗,✗,✓,✓,✓,✓,✓,✓,✓,✓,✓
Азбука вкуса,,918296526,ru.av.vkusomania,Azbuka Vkusa ooo,4.74.0,15.0,✓,✓,153.1,14.09.2026,✓,✓,✓,✗,✓,✓,✓,✓,✓,✓,✓,✗,✓,✗,✗,✗,✗,✗,✗,✗,✓,✓,✗,✗,✗,✓,✓,✗,✗
Алиса AI: Нейросеть Яндекса,,6621272550,com.yandex.alice-app,Direct Cursus Computer Systems Trading,26.21.1,16.0,✓,✓,171.5,28.08.2026,✓,✓,✓,✓,✓,✓,✓,✓,✓,✓,✓,✓,✓,✓,✓,✓,✓,✓,✓,✓,✗,✗,✗,✓,✓,✓,✓,✓,✓
Алмазная Миля,Авиокомпания АЛРОСА,6796619816,com.alrosa,Ruslan Grigorev,2.1.39,15.0,✓,✓,128.8,28.08.2026,✓,✓,✓,✓,✓,✓,✓,✓,✓,✓,✓,✓,✓,✗,✗,✗,✗,✗,✗,✗,✓,✓,✓,✓,✓,✓,✓,✓,✓
Апельсин - сервис лояльности,,6504095929,org.kpl.loyalty,X5 Retail Group,1.15,15.0,✓,✓,66.1,14.09.2026,✓,✗,✗,✗,✗,✗,✗,✗,✗,✗,✗,✗,✗,✗,✗,✗,✗,✗,✗,✗,✗,✗,✗,✗,✗,✗,✗,✗,✗
Бак+Бонус,Бак+Бонус,6756371742,ru.bakbonus.appstarter,Artemij Kluchnikov,1.1.1,15.0,✓,✓,122.6,28.08.2026,✓,✗,✗,✗,✓,✗,✗,✗,✓,✓,✗,✗,✗,✗,✗,✗,✗,✗,✗,✗,✗,✗,✗,✗,✗,✗,✗,✗,✗
Бери заряд: аккумулятор рядом,,1458730835,com.berizaryad,Mikromobilnost doo,700.157.0,16.0,✓,✓,386.7,28.08.2026,✓,✓,✓,✓,✓,✓,✓,✓,✓,✓,✓,✓,✓,✓,✓,✓,✓,✓,✓,✓,✓,✓,✓,✓,✓,✓,✓,✓,✓
билайн,,569251594,ru.beeline.mobile,PJSC VimpelCom,5.46.6,16.0,✓,✓,330.1,14.09.2026,✓,✓,✓,✓,✓,✓,✓,✓,✓,✓,✓,✗,✓,✓,✓,✓,✓,✓,✓,✓,✓,✓,✓,✓,✓,✓,✓,✓,✓
билайн книги и аудиокниги,,1132022519,ru.beeline.booksreader,PJSC VimpelCom,3.67,14.0,✓,✓,78.6,14.09.2026,✓,✓,✓,✓,✓,✓,✓,✓,✓,✓,✓,✗,✓,✓,✓,✓,✓,✓,✓,✓,✓,✗,✓,✓,✓,✓,✓,✓,✓
Билайн Транспорт,,6755870463,ru.beeline.tracker.transport,PJSC VimpelCom,1.0.2.66,13.0,✓,✓,45.9,14.09.2026,✓,✗,✗,✗,✗,✗,✗,✓,✗,✗,✗,✗,✗,✗,✗,✗,✗,✗,✗,✗,✗,✗,✗,✗,✗,✗,✗,✗,✗
Быстро Продукты,Лента,6797494251,com.alena.bistro,Alena Kudryavtseva,6.88,16.0,✓,✓,270.9,08.09.2026,✓,✗,✗,✗,✓,✗,✓,✓,✓,✓,✗,✗,✓,✗,✗,✗,✗,✗,✗,✗,✗,✗,✗,✗,✗,✗,✗,✗,✗
Валидатор,,1532074871,ru.x5.scangosecurity,X5 Retail Group,1.0,11.0,✓,✓,14.6,14.09.2026,✓,✓,✓,✓,✓,✓,✓,✓,✓,✓,✓,✓,✓,✓,✓,✓,✓,✓,✓,✓,✓,✓,✓,✓,✓,✓,✓,✓,✓
Везёт — заказ такси,,1594649926,ru.yandex.vezet,"KRONOS, OOO",2.32.0,13.0,✓,✓,50.4,14.09.2026,✓,✗,✓,✓,✓,✓,✓,✓,✓,✓,✓,✗,✓,✗,✗,✗,✗,✗,✗,✗,✓,✓,✓,✓,✓,✓,✓,✓,✓
Видео билайн для бизнеса,,1566372601,ru.beeline.surveillance.b2b,PJSC VimpelCom,3.2.2,15.0,✓,✓,68.8,14.09.2026,✓,✓,✓,✓,✓,✓,✓,✓,✓,✓,✓,✗,✓,✓,✓,✓,✓,✓,✓,✓,✓,✓,✓,✓,✓,✓,✓,✓,✓
Видеонаблюдение Билайн,,1558661545,ru.beeline.surveillance.b2c,PJSC VimpelCom,2.38.4,13.0,✓,✓,82.7,14.09.2026,✓,✓,✓,✓,✓,✓,✓,✓,✓,✓,✓,✗,✓,✓,✓,✓,✓,✓,✓,✓,✓,✓,✓,✓,✓,✓,✓,✓,✓
Вози Ozon,,6478118390,ru.ozon.shipping,OZON.ru,1.57.0,16.0,✓,✓,317.4,28.08.2026,✓,✓,✓,✓,✓,✓,✓,✓,✓,✓,✓,✓,✓,✓,✓,✓,✓,✓,✓,✓,✓,✓,✓,✓,✓,✓,✓,✓,✓
Вторая память – облако от МТС,,1489166891,ru.mts.twomem,Mobile TeleSystems Public Joint Stock Company,1.37.0,13.0,✓,✓,80.8,14.09.2026,✓,✓,✓,✓,✓,✓,✓,✓,✓,✓,✓,✓,✓,✓,✓,✓,✓,✓,✓,✓,✓,✓,✓,✓,✓,✓,✓,✓,✓
Госключ,,1566096745,ru.gosuslugi.goskey,Минкомсвязь РФ,2.20.0,14.0,✓,✓,81.5,27.08.2026,✓,✓,✓,✓,✓,✓,✓,✓,✓,✓,✓,✓,✓,✓,✓,✓,✓,✓,✓,✓,✓,✓,✓,✓,✓,✓,✓,✓,✓
Госуслуги,,1367959794,com.minsvyaz.gosuslugi,Минкомсвязь РФ,27.0.2,14.0,✓,✓,599.2,27.08.2026,✓,✓,✓,✓,✓,✓,✓,✓,✓,✓,✓,✓,✓,✓,✓,✓,✓,✓,✓,✓,✓,✓,✓,✓,✓,✓,✓,✓,✓
Госуслуги Авто,,1567511367,com.minsvyaz.gosuslugi.auto,Минкомсвязь РФ,12.0.0,14.0,✓,✓,186.5,27.08.2026,✓,✓,✓,✓,✓,✓,✓,✓,✓,✓,✓,✓,✓,✓,✓,✓,✓,✓,✓,✓,✓,✓,✓,✓,✓,✓,✓,✓,✓
Госуслуги Волонтёр,,6743647596,ru.gosuslugi.volunteer,Минкомсвязь РФ,1.0.10,13.0,✓,✓,45.5,27.08.2026,✓,✗,✗,✗,✗,✗,✗,✗,✗,✗,✗,✗,✗,✗,✗,✗,✗,✗,✗,✗,✗,✗,✗,✗,✗,✗,✗,✗,✗
Госуслуги Карта болельщика,,6444009263,com.minsvyaz.gosuslugi.fanid,Минкомсвязь РФ,1.9.0,14.0,✓,✓,80.2,27.08.2026,✓,✓,✓,✓,✓,✓,✓,✓,✓,✓,✓,✓,✓,✓,✓,✓,✓,✓,✓,✓,✓,✓,✓,✓,✓,✓,✓,✓,✓
Госуслуги Культура,,1581979387,ru.gosuslugi.culture,Минкомсвязь РФ,2.31.0,15.0,✓,✓,203.9,27.08.2026,✓,✓,✓,✓,✓,✓,✓,✓,✓,✓,✓,✓,✓,✓,✓,✓,✓,✓,✓,✓,✓,✓,✓,✓,✓,✓,✓,✓,✓
Госуслуги Моя школа,,6670786037,com.minsvyaz.gosuslugi.school,Минкомсвязь РФ,5.0.0,14.0,✓,✓,127.1,27.08.2026,✓,✓,✓,✓,✓,✓,✓,✓,✓,✓,✓,✓,✓,✓,✓,✓,✓,✓,✓,✓,✓,✓,✓,✓,✓,✓,✓,✓,✓
Госуслуги Решаем вместе,,1516448015,ru.gosuslugi.pos,Минкомсвязь РФ,2.16.0,13.0,✓,✓,77.8,27.08.2026,✓,✗,✗,✗,✗,✗,✗,✗,✗,✗,✗,✗,✗,✗,✗,✗,✗,✗,✗,✗,✗,✗,✗,✗,✗,✗,✗,✗,✗
Деливери: еда и продукты,,436145623,am.helix.Delivery-Club,Mikromobilnost doo,26.35.0,16.0,✓,✓,321.8,28.08.2026,✓,✓,✓,✓,✓,✓,✓,✓,✓,✓,✓,✗,✓,✓,✓,✓,✓,✓,✓,✓,✓,✓,✓,✓,✓,✓,✓,✓,✓
Дикси.Staff,,1541139215,ru.dixy.personal,DIXY,6.1.02,13.0,✓,✓,76.1,14.09.2026,✓,✗,✗,✗,✗,✗,✗,✗,✗,✗,✗,✗,✗,✗,✗,✗,✗,✗,✗,✗,✗,✗,✗,✗,✗,✗,✗,✗,✗
Дикси: доставка продуктов,,1411447398,ru.dixy.release,DIXY,4.13.1+1201,13.0,✓,✓,221.3,14.09.2026,✓,✓,✗,✓,✓,✗,✗,✓,✓,✓,✓,✓,✓,✓,✓,✓,✓,✓,✓,✓,✗,✗,✗,✗,✗,✗,✗,✗,✗
Дилер онлайн,,1507390939,ru.beeline.dol,PJSC VimpelCom,2.187.0,13.0,✓,✓,54.9,14.09.2026,✓,✗,✗,✗,✗,✗,✗,✗,✗,✗,✗,✗,✗,✗,✗,✗,✗,✗,✗,✗,✗,✗,✗,✗,✗,✗,✗,✗,✗
Диск #CloudMTS,,1552686247,ru.mts.diskv2,Mobile TeleSystems Public Joint Stock Company,1.0,11.4,✓,✓,18.1,14.09.2026,✓,✗,✗,✗,✗,✗,✗,✗,✗,✗,✗,✗,✗,✗,✗,✗,✗,✗,✗,✗,✗,✗,✗,✗,✗,✗,✗,✗,✗
Диск #CloudMTS Бизнес,,1531663253,disk.cloud.mts,Mobile TeleSystems Public Joint Stock Company,1.3.2,9.0,✓,✓,94.9,14.09.2026,✓,✓,✓,✓,✓,✓,✓,✓,✓,✓,✓,✓,✓,✓,✓,✓,✓,✓,✓,✓,✓,✓,✓,✓,✓,✓,✓,✓,✓
Дом с Алисой,,1582810683,com.yandex.iot,Direct Cursus Computer Systems Trading,126.17.1445100,15.0,✓,✓,153.9,28.08.2026,✓,✓,✓,✓,✓,✓,✓,✓,✓,✓,✓,✗,✓,✓,✓,✓,✓,✓,✓,✓,✓,✗,✓,✓,✓,✓,✓,✓,✓
Домиленд+,,6743001150,com.domyland.superdom,Direct Cursus Computer Systems Trading,4.23.0,15.0,✓,✓,300.4,28.08.2026,✓,✓,✓,✓,✓,✓,✓,✓,✓,✓,✓,✓,✓,✓,✓,✓,✓,✓,✓,✓,✓,✗,✓,✓,✓,✓,✓,✓,✓
Единый мониторинг,,6443979859,ru.beeline.tracker.monitoring,PJSC VimpelCom,3.0.0.202,13.0,✓,✓,83.0,14.09.2026,✓,✗,✗,✗,✗,✗,✗,✓,✗,✗,✗,✗,✗,✗,✗,✗,✗,✗,✗,✗,✗,✗,✗,✗,✗,✗,✗,✗,✗
Замени гудок: Привет от билайн,,962279650,ru.beeline.Rbt,PJSC VimpelCom,4.2.6,16,✓,✓,15.8,14.09.2026,✓,✓,✓,✓,✓,✓,✓,✓,✓,✓,✓,✗,✓,✓,✓,✓,✓,✓,✓,✓,✓,✓,✓,✓,✓,✓,✓,✓,✓
"Защитник: антиспам, звонки",,1449599084,com.mts.whocalls,Mobile TeleSystems Public Joint Stock Company,3.1.1,16.0,✓,✓,40.2,14.09.2026,✓,✗,✗,✗,✗,✗,✗,✗,✗,✗,✗,✗,✗,✗,✗,✗,✗,✗,✗,✗,✗,✗,✗,✗,✗,✗,✗,✗,✗
Здоровье и страхование,СОГАЗ,6448322800,kz.origon.empapp,"KAZROSGROUP, TOO",3.12.0,15.1,✓,✓,114.6,28.08.2026,✓,✗,✗,✗,✓,✗,✗,✓,✗,✗,✗,✗,✗,✗,✗,✗,✗,✗,✗,✗,✗,✗,✗,✗,✗,✗,✗,✗,✗
Календарь: Умный помощник,Рамблер & Сбер Диск,6746786886,com.sdisk.mcd,Irina Ishutkina,1.3.0,18.0,✓,✓,67.2,28.08.2026,✓,✗,✗,✗,✗,✗,✗,✗,✗,✗,✗,✗,✗,✗,✗,✗,✗,✗,✗,✗,✗,✗,✗,✗,✗,✗,✗,✗,✗
Кино.Дом,Movix,6753332416,tv.fimstv.com,LLC Napa Labs,1.0.5,17,✓,✗,99.3,28.08.2026,✓,✗,✗,✗,✗,✗,✗,✗,✗,✗,✗,✗,✗,✗,✗,✗,✗,✗,✗,✗,✗,✗,✗,✗,✗,✗,✗,✗,✗
Кинопоиск－фильмы，сериалы，спорт,,477718890,ru.kinopoisk,Direct Cursus Computer Systems Trading,8.64.2,17.0,✓,✓,408.5,28.08.2026,✓,✓,✓,✓,✓,✓,✓,✓,✓,✓,✓,✗,✓,✗,✗,✗,✗,✗,✗,✗,✓,✓,✓,✓,✓,✓,✓,✓,✓
"КИОН Музыка: песни, подкасты",,1062550132,ru.mts.mobile.music,Mobile TeleSystems Public Joint Stock Company,9.79.0,15.0,✓,✓,291.8,14.09.2026,✓,✗,✗,✗,✓,✓,✓,✓,✓,✗,✗,✓,✓,✗,✗,✗,✗,✗,✗,✗,✗,✗,✗,✗,✗,✓,✓,✗,✗
КИОН Строки: книги и аудио,,1035268144,ru.mts.books,Mobile TeleSystems Public Joint Stock Company,5.63,16.0,✓,✓,213.9,14.09.2026,✓,✓,✓,✓,✓,✓,✓,✓,✓,✓,✓,✓,✓,✓,✓,✓,✓,✓,✓,✓,✓,✗,✓,✓,✓,✓,✓,✓,✓
КИОН – оригинальный кинотеатр,,1451612172,ru.mts.tvh,Mobile TeleSystems Public Joint Stock Company,5.18.5(19203265),17.0,✓,✓,393.0,14.09.2026,✓,✓,✓,✓,✓,✓,✓,✓,✓,✓,✓,✓,✓,✗,✗,✗,✗,✗,✗,✗,✓,✓,✓,✓,✓,✓,✓,✓,✓
Корпоративный кабинет Бизнеса,Дом Ру Бизнес,6759156206,com.business.corpcabinet,Andrei Zinskii,1.4.6,14.0,✓,✓,88.4,28.08.2026,✓,✗,✗,✗,✗,✗,✗,✗,✗,✗,✗,✗,✗,✗,✗,✗,✗,✗,✗,✗,✗,✗,✗,✗,✗,✗,✗,✗,✗
Красное&Белое - скидки и акции,,933816701,com.kb.app,"ООО ""Килобайт""",3.0.5,15.6,✓,✓,132.9,14.09.2026,✓,✓,✓,✓,✓,✓,✓,✓,✓,✓,✓,✓,✓,✓,✓,✓,✓,✓,✓,✓,✓,✓,✓,✓,✓,✓,✓,✓,✓
Лидеры цифрового развития,,1469357577,ru.ddl,Минкомсвязь РФ,7.1.2,10.0,✓,✓,83.5,27.08.2026,✓,✓,✓,✓,✓,✓,✓,✓,✓,✓,✓,✓,✓,✓,✓,✓,✓,✓,✓,✓,✓,✓,✓,✓,✓,✓,✓,✓,✓
Лёгко,Лента,6789156920,com.timofeykozuylichev.legko,Timofey Kozyulichev,1.0,16.0,✓,✓,331.9,28.08.2026,✓,✗,✗,✗,✓,✗,✗,✗,✗,✗,✗,✗,✗,✗,✗,✗,✗,✗,✗,✗,✗,✗,✗,✗,✗,✗,✗,✗,✗
Магнит для ресторанов,,6754906154,ru.magnit.vendorapp,ЗАО Тандер,1.2.0,26.1,✓,✓,44.9,14.09.2026,✓,✓,✓,✓,✓,✓,✓,✓,✓,✓,✓,✓,✓,✓,✓,✓,✓,✓,✓,✓,✓,✓,✓,✓,✓,✓,✓,✓,✓
Магнит перевозки,,1609404781,ru.magnit.armhde,ЗАО Тандер,1.1.11,18.2,✓,✓,49.9,14.09.2026,✓,✗,✗,✗,✗,✗,✗,✗,✗,✗,✗,✗,✗,✗,✗,✗,✗,✗,✗,✗,✗,✗,✗,✗,✗,✗,✗,✗,✗
Магнит Посылки,,6784311884,ru.tander.magnit.parcelsapp,ЗАО Тандер,1.4.0,15.0,✓,✓,66.1,14.09.2026,✓,✓,✓,✓,✓,✓,✓,✓,✓,✓,✓,✓,✓,✓,✓,✓,✓,✓,✓,✓,✓,✓,✓,✓,✓,✓,✓,✓,✓
Магнит работа,,6780807994,ru.magnit.job,ЗАО Тандер,1.0.6,15.5,✓,✓,90.0,14.09.2026,✓,✗,✗,✗,✓,✗,✗,✗,✗,✗,✗,✗,✗,✗,✗,✗,✗,✗,✗,✗,✗,✗,✗,✗,✗,✗,✗,✗,✗
Магнит: акции и доставка,,881463973,ru.tander.magnit,ЗАО Тандер,8.121.0,15.0,✓,✓,611.4,14.09.2026,✓,✓,✓,✓,✓,✓,✓,✓,✓,✓,✓,✓,✓,✓,✓,✓,✓,✓,✓,✓,✓,✓,✓,✓,✓,✓,✓,✓,✓
Маркет Курьер,,6762632272,ru.yandex.market.tpl.courierpro,Mikromobilnost doo,1.02,16.0,✓,✓,495.7,28.08.2026,✓,✓,✓,✓,✓,✓,✓,✓,✓,✓,✓,✓,✓,✓,✓,✓,✓,✓,✓,✓,✓,✓,✓,✓,✓,✓,✓,✓,✓
Маркет ПВЗ,,6477712922,ru.yandex.market.pickuppointpro.ios,Mikromobilnost doo,1.30.03,16.0,✓,✓,373.2,28.08.2026,✓,✗,✗,✗,✓,✗,✗,✗,✗,✗,✗,✗,✓,✗,✗,✗,✗,✗,✗,✗,✗,✗,✗,✗,✗,✗,✗,✗,✗
Метро Москвы – МЦД и МЦК,,1093391186,ru.mosmetro,ГУП Московский Метрополитен,4.5.13,16.0,✓,✓,220.5,14.09.2026,✓,✓,✓,✗,✓,✓,✓,✓,✓,✓,✓,✓,✓,✓,✓,✓,✓,✓,✓,✓,✓,✓,✓,✓,✗,✓,✓,✓,✓
Мобильное рабочее место,,1544422444,ru.x5.mrm-ios,X5 Retail Group,1.9,14.1,✓,✓,9.3,14.09.2026,✓,✗,✗,✗,✗,✗,✗,✗,✗,✗,✗,✗,✗,✗,✗,✗,✗,✗,✗,✗,✗,✗,✗,✗,✗,✗,✗,✗,✗
Мобильный МОПОД,,1500404249,ru.dixy.mopod.mobile.ios,DIXY,1.3.11,9.0,✓,✓,89.8,14.09.2026,✓,✗,✗,✗,✗,✗,✗,✗,✗,✗,✗,✗,✗,✗,✗,✗,✗,✗,✗,✗,✗,✗,✗,✗,✗,✗,✗,✗,✗
Мобио,СберМобайл,6763622616,ru.tele-tie.app,ООО «Телетай»,1.0.1,16.6,✓,✓,67.2,14.09.2026,✓,✓,✓,✗,✓,✓,✓,✓,✓,✓,✓,✗,✓,✗,✗,✗,✗,✗,✗,✗,✓,✓,✓,✓,✗,✓,✓,✓,✓
Мобискан,,1497481771,com.magnit.mobiscan,ЗАО Тандер,1.0.6,13.0,✓,✓,95.2,14.09.2026,✓,✗,✗,✗,✗,✗,✗,✗,✗,✗,✗,✗,✗,✗,✗,✗,✗,✗,✗,✗,✗,✗,✗,✗,✗,✗,✗,✗,✗
Мой АШАН доставка продуктов,,1566122910,ru.myauchan.ios,АШАН Россия,4.0.7,15.4,✓,✓,131.6,14.09.2026,✓,✗,✗,✗,✓,✗,✗,✓,✗,✗,✗,✗,✗,✗,✗,✗,✗,✗,✗,✗,✗,✗,✗,✗,✗,✗,✗,✗,✗
Мой график,,6759442144,com.bluecollars.grafik,Mikromobilnost doo,93.101,16.0,✓,✓,364.8,28.08.2026,✓,✓,✓,✓,✓,✓,✗,✓,✓,✓,✓,✗,✓,✓,✗,✓,✓,✗,✗,✓,✓,✗,✓,✓,✓,✓,✓,✓,✓
Мой МТС,,1069871095,ru.mts.mymts,Mobile TeleSystems Public Joint Stock Company,6.75.0,15.0,✓,✓,541.8,14.09.2026,✓,✓,✓,✓,✓,✓,✓,✓,✓,✓,✓,✓,✓,✓,✓,✓,✓,✓,✓,✓,✓,✓,✓,✓,✓,✓,✓,✓,✓
Московский транспорт,,1227002793,com.mosgorpass.socialsys,Департамент транспорта Москвы,10.0.6,15.6,✓,✓,396.0,14.09.2026,✓,✓,✓,✓,✓,✓,✓,✓,✓,✓,✓,✗,✓,✓,✓,✓,✓,✓,✓,✓,✓,✓,✓,✓,✓,✓,✓,✓,✓
Моя Тройка: навигация и баланс,,1548905615,ru.mosmetro.regional,ГУП Московский Метрополитен,2.0.7,13.4,✓,✓,203.6,14.09.2026,✓,✓,✓,✓,✓,✓,✓,✓,✓,✓,✓,✓,✓,✓,✓,✓,✓,✓,✓,✓,✓,✓,✓,✓,✓,✓,✓,✓,✓
МП. Инспектор,,6446196047,ru.minsvyaz.tor.inspector,Минкомсвязь РФ,3.0.1,15,✓,✓,90.0,27.08.2026,✓,✗,✗,✗,✗,✗,✗,✗,✗,✗,✗,✗,✗,✗,✗,✗,✗,✗,✗,✗,✗,✗,✗,✗,✗,✗,✗,✗,✗
МТС GOOD'OK - замени гудок,,904601384,goodok.mts.ru,Mobile TeleSystems Public Joint Stock Company,4.50.0,15.0,✓,✓,68.7,14.09.2026,✓,✓,✓,✓,✓,✓,✓,✓,✓,✓,✓,✓,✓,✓,✓,✓,✓,✓,✓,✓,✓,✓,✓,✓,✓,✓,✓,✓,✓
МТС Live: афиша и билеты,,1539924684,ru.mts.live.app,Mobile TeleSystems Public Joint Stock Company,0.50.0,15.0,✓,✓,150.3,14.09.2026,✓,✓,✓,✓,✓,✓,✓,✓,✓,✓,✓,✓,✓,✓,✓,✓,✓,✓,✓,✓,✓,✓,✓,✓,✓,✓,✓,✓,✓
МТС Домофон,,1461771719,ru.mts.intercoms,Mobile TeleSystems Public Joint Stock Company,2.7.0,15,✓,✓,146.6,14.09.2026,✓,✗,✗,✗,✗,✗,✗,✗,✗,✗,✗,✗,✗,✗,✗,✗,✗,✗,✗,✗,✗,✗,✗,✗,✗,✗,✗,✗,✗
МТС Умный дом,,6444015366,ru.mtsdigital.smarthome,Mobile TeleSystems Public Joint Stock Company,2.21.0,16.0,✓,✓,322.0,14.09.2026,✓,✓,✓,✓,✓,✓,✓,✓,✓,✓,✓,✓,✓,✓,✓,✓,✓,✓,✓,✓,✓,✓,✓,✓,✓,✓,✓,✓,✓
О'КЕЙ Гипермаркеты и доставка,Лента,1087812169,ru.surf.okey,"ООО ""О'КЕЙ""",4.36.1,14.0,✓,✓,51.1,28.08.2026,✓,✓,✓,✓,✓,✓,✓,✓,✓,✓,✓,✓,✓,✓,✓,✓,✓,✓,✓,✓,✓,✓,✓,✓,✓,✓,✓,✓,✓
Облако билайн: сейф для фото,,1495684365,ru.beeline.cloud,PJSC VimpelCom,8.9.0,13.0,✓,✓,387.2,14.09.2026,✓,✓,✗,✓,✓,✗,✗,✓,✓,✓,✓,✓,✓,✓,✓,✓,✓,✓,✓,✓,✓,✗,✓,✗,✓,✓,✗,✓,✗
Парковки России,,1434426876,ru.mosparking,Департамент транспорта Москвы,3.0.5,15,✓,✓,49.4,14.09.2026,✓,✓,✓,✓,✓,✓,✓,✓,✓,✓,✓,✓,✓,✓,✓,✓,✓,✓,✓,✓,✓,✓,✓,✓,✓,✓,✓,✓,✓
Перекресток доставка продуктов,,1052681694,com.x5retailgroup.perekrestok-new,X5 Retail Group,3.98.0,16.0,✓,✓,484.1,14.09.2026,✓,✓,✓,✓,✓,✓,✓,✓,✓,✓,✓,✗,✓,✓,✓,✓,✓,✓,✓,✓,✓,✓,✓,✓,✓,✓,✓,✓,✓
Перекрёсток Впрок гипермаркет,,1510812169,ru.x5.perekrestokDarkstore,X5 Retail Group,2.25.3,15.0,✓,✓,140.6,14.09.2026,✓,✓,✓,✓,✓,✓,✓,✓,✓,✓,✓,✗,✓,✓,✓,✓,✓,✓,✓,✓,✓,✓,✓,✓,✓,✓,✓,✓,✓
Победа80,,6738048174,com.minsvyaz.pobeda80,Минкомсвязь РФ,1.4.13,13.1,✓,✓,45.9,27.08.2026,✓,✓,✓,✓,✓,✓,✓,✓,✓,✓,✓,✓,✓,✓,✓,✓,✓,✓,✓,✓,✓,✓,✓,✓,✓,✓,✓,✓,✓
Подорожник Санкт-Петербург,,6478869877,com.orgp.podorozhnik,"СПб ГКУ ""Организатор перевозок""",1.0.36,15.1,✓,✓,31.0,14.09.2026,✓,✗,✗,✗,✗,✓,✗,✗,✗,✗,✗,✗,✗,✗,✗,✗,✗,✗,✗,✗,✗,✗,✗,✗,✗,✗,✗,✗,✗
Помощник Москвы,,1023672049,ru.mos.helper,Департамент транспорта Москвы,3.3.0,16.0,✓,✓,136.2,14.09.2026,✓,✓,✓,✓,✓,✓,✓,✓,✓,✓,✓,✓,✓,✓,✓,✓,✓,✓,✓,✓,✓,✓,✓,✓,✓,✓,✓,✓,✓
Попкорн.билайн,,1056140537,com.spbtv.ru.ios,PJSC VimpelCom,4.0.0,14.0,✓,✓,146.4,14.09.2026,✓,✗,✗,✗,✗,✗,✗,✗,✗,✗,✗,✗,✗,✗,✗,✗,✗,✗,✗,✗,✗,✗,✗,✗,✗,✗,✗,✗,✗
ПОС Отвечаем,,1595068067,com.minsvyaz.exec,Минкомсвязь РФ,1.7.0,13.0,✓,✓,105.9,27.08.2026,✓,✗,✗,✗,✗,✗,✗,✗,✗,✗,✗,✗,✗,✗,✗,✗,✗,✗,✗,✗,✗,✗,✗,✗,✗,✗,✗,✗,✗
ПРОинфраструктура,,6471266129,ru.mos.proinfra,Департамент транспорта Москвы,10.5.0,11.0,✓,✓,164.7,14.09.2026,✓,✓,✓,✓,✓,✓,✓,✓,✓,✓,✓,✓,✓,✓,✓,✓,✓,✓,✓,✓,✓,✓,✓,✓,✓,✓,✓,✓,✓
ПроСкорость,ДомРУ,6754636283,kg.mkyp.speedmeasurementapp,"MK YUZHNY PROGRESS, OSOO",1.3.0,18.0,✓,✓,142.9,28.08.2026,✓,✗,✗,✗,✗,✗,✗,✗,✓,✗,✗,✗,✗,✗,✗,✗,✗,✗,✗,✗,✗,✗,✗,✗,✗,✗,✗,✗,✗
Профразвитие госслужащих,,1530163422,com.gossluzhba.profrazvitie,Минкомсвязь РФ,1.2,13.0,✓,✓,23.5,27.08.2026,✓,✗,✗,✗,✗,✗,✗,✗,✗,✗,✗,✗,✗,✗,✗,✗,✗,✗,✗,✗,✗,✗,✗,✗,✗,✗,✗,✗,✗
Пункт Ozon,,1535791151,ru.ozon.ozonPvz,OZON.ru,3.62.1,15.0,✓,✓,169.8,28.08.2026,✓,✓,✓,✓,✓,✓,✓,✓,✓,✓,✓,✓,✓,✓,✓,✓,✓,✓,✓,✓,✓,✓,✓,✓,✓,✓,✓,✓,✓
Рисовайка. Раскраска для детей,,6473257498,ru.yandex.mobile.drawie,Direct Cursus Computer Systems Trading,0.7.82_315882,15.0,✓,✓,676.3,28.08.2026,✓,✗,✗,✗,✗,✗,✗,✓,✗,✗,✗,✓,✗,✗,✗,✗,✗,✗,✗,✗,✗,✗,✗,✗,✗,✗,✗,✗,✗
Робот-доставщик,,6753585429,ru.yandex.rovertoy.app,Mikromobilnost doo,1.0.4,17.0,✓,✓,55.9,28.08.2026,✓,✓,✓,✓,✓,✓,✓,✓,✓,✓,✓,✓,✓,✓,✓,✓,✓,✓,✓,✓,✓,✓,✓,✓,✓,✓,✓,✓,✓
РУбли,УБРиБ,6754563452,ru.coinsplit.m,Olesya Fedotova,5.18.0,15.0,✓,✓,209.4,28.08.2026,✓,✓,✓,✓,✓,✓,✓,✓,✓,✓,✓,✓,✓,✗,✗,✗,✗,✗,✗,✗,✓,✓,✓,✓,✓,✓,✓,✓,✓
Свои Плюсы Едадил: кешбэк,,700569948,com.s-g-i.Edadeal,Direct Cursus Computer Systems Trading,26.37.0,15.0,✓,✓,188.7,28.08.2026,✓,✓,✓,✓,✓,✓,✓,✓,✓,✓,✓,✗,✓,✓,✓,✓,✓,✓,✓,✓,✓,✓,✓,✓,✓,✓,✓,✓,✓
Сказбука — познавательные игры,,1395112217,com.zebrainy.newskazbuka,Direct Cursus Computer Systems Trading,8.10.83_315859,15.0,✓,✓,1982.3,28.08.2026,✓,✗,✗,✗,✓,✓,✓,✓,✗,✓,✓,✓,✓,✗,✗,✗,✗,✗,✗,✗,✗,✗,✗,✗,✗,✗,✗,✗,✗
СмартРезерв,,6755245705,ru.yandex.smartreserve,Mikromobilnost doo,2.14.0,15.5,✓,✓,66.5,28.08.2026,✓,✓,✓,✓,✓,✓,✓,✓,✓,✓,✓,✓,✓,✓,✓,✓,✓,✓,✓,✓,✓,✓,✓,✓,✓,✓,✓,✓,✓
Социальное Такси,,1600921492,taxi.tm.id3064,Департамент транспорта Москвы,15.0.5,12.4,✓,✓,103.7,14.09.2026,✓,✗,✗,✗,✗,✗,✗,✗,✗,✗,✗,✗,✗,✗,✗,✗,✗,✗,✗,✗,✗,✗,✗,✗,✗,✗,✗,✗,✗
Тая ИИ,От Т-Банка,6782032088,ru.taya-assistant.app,Yuliya Lyskavets,1.1.2,16.6,✓,✓,36.7,08.09.2026,✗ (09.09.2026),✗,✗,✗,✗ (09.09.2026),✗ (09.09.2026),✗,✗ (09.09.2026),✗ (09.09.2026),✗ (09.09.2026),✗,✗,✗ (09.09.2026),✗,✗,✗,✗,✗,✗,✗,✗,✗,✗,✗,✗,✗ (09.09.2026),✗,✗,✗
Твой Магнит,,1574722360,ru.magnit.hr-test.ios,ЗАО Тандер,1.116.0,14.0,✓,✓,102.2,14.09.2026,✓,✓,✓,✓,✓,✓,✓,✓,✓,✓,✓,✓,✓,✓,✓,✓,✓,✓,✓,✓,✓,✓,✓,✓,✓,✓,✓,✓,✓
Телемост Мессенджер от Яндекса,,1527737302,ru.yandex.telemost,Direct Cursus Computer Systems Trading,3.31.0,16.0,✓,✓,525.9,28.08.2026,✓,✓,✓,✓,✓,✓,✓,✓,✓,✓,✓,✓,✓,✓,✓,✓,✓,✓,✓,✓,✓,✗,✓,✓,✓,✓,✓,✓,✓
Тракторный Клуб,РСХБ Бизнес,6761844867,com.agro.agriculturalApplication,Natalia Shevchnko,1.0.6,13.0,✓,✓,316.4,28.08.2026,✗ (10.09.2026),✗ (10.09.2026),✗ (10.09.2026),✗ (10.09.2026),✗ (10.09.2026),✗ (10.09.2026),✗ (10.09.2026),✗ (10.09.2026),✗ (10.09.2026),✗ (10.09.2026),✗ (10.09.2026),✗ (10.09.2026),✗ (10.09.2026),✗,✗,✗,✗,✗,✗,✗,✗ (10.09.2026),✗ (10.09.2026),✗ (10.09.2026),✗ (10.09.2026),✗ (10.09.2026),✗ (10.09.2026),✗ (10.09.2026),✗ (10.09.2026),✗ (10.09.2026)
Тревел — Артемий Лебедев,,965095586,ru.tema.app,Go Travel Un Limited,2.0.1,11.0,✓,✓,173.6,14.09.2026,✓,✓,✓,✓,✓,✓,✓,✓,✓,✓,✓,✓,✓,✓,✓,✓,✓,✓,✓,✓,✓,✓,✓,✓,✓,✓,✓,✓,✓
Фабрика знаний,,1613942763,ru.ispringlearn.x5fk,X5 Retail Group,3.38.0,12.0,✓,✓,126.3,14.09.2026,✓,✗,✗,✗,✓,✓,✓,✓,✓,✓,✓,✓,✓,✗,✗,✗,✗,✗,✗,✗,✗,✗,✗,✗,✗,✓,✗,✗,✗
Черника Онлайн,СургутНефтеГазБанк,6776650255,BlueBR,Bogdan Yarmonov,1.0,15.0,✓,✓,124.1,28.08.2026,✓,✓,✓,✓,✓,✓,✓,✓,✓,✓,✓,✓,✓,✓,✓,✓,✓,✓,✓,✓,✓,✓,✓,✓,✓,✓,✓,✓,✓
Чижик - доставка продуктов,,1604205783,club.chizhik.iosapp,X5 Retail Group,2.1.0,16.2,✓,✓,195.9,14.09.2026,✓,✓,✓,✓,✓,✓,✓,✓,✓,✓,✓,✗,✓,✓,✓,✓,✓,✓,✓,✓,✓,✓,✓,✓,✓,✓,✓,✓,✓
Читайник — чтение для детей,,6746245772,ru.yandex.mobile.readie,Direct Cursus Computer Systems Trading,0.0.37_316891,15.0,✓,✓,711.7,28.08.2026,✓,✗,✗,✗,✗,✗,✗,✓,✗,✗,✗,✓,✗,✗,✗,✗,✗,✗,✗,✗,✗,✗,✗,✗,✗,✗,✗,✗,✗
Шедеврум,,1671837122,com.yandex.shedevrus,Direct Cursus Computer Systems Trading,11.12.1,16.0,✓,✓,103.4,28.08.2026,✓,✓,✓,✓,✓,✓,✓,✓,✓,✓,✓,✓,✓,✓,✓,✓,✓,✓,✓,✓,✓,✓,✓,✓,✓,✓,✓,✓,✓
Школа инвестора,Альфа-Капитал,6767516632,ru.ainvestorschool,Peter Polak,2.140.1,16.0,✓,✓,225.3,28.08.2026,✓,✓,✓,✓,✓,✓,✓,✓,✓,✓,✓,✓,✓,✗,✗,✗,✗,✗,✗,✗,✗,✗,✗,✓,✓,✓,✓,✓,✓
Экстранет Ozon Travel,,6759052688,ru.ozon.travel.extranet,OZON.ru,1.5.0,16.0,✓,✓,92.9,28.08.2026,✓,✓,✓,✓,✓,✓,✓,✓,✓,✓,✓,✓,✓,✓,✓,✓,✓,✓,✓,✓,✗,✗,✗,✓,✓,✓,✓,✓,✓
Я.Еда Вендор,,1440757437,ru.yandex.eda.vendor.store,Mikromobilnost doo,3.5.0,13.0,✓,✓,13.1,28.08.2026,✓,✗,✗,✗,✓,✓,✗,✓,✓,✗,✗,✗,✓,✗,✗,✗,✗,✗,✗,✗,✗,✗,✗,✗,✗,✓,✗,✗,✗
"Я.Путешествия: Отели, ЖД, Авиа",,1632443454,ru.yandex.travel,Direct Cursus Computer Systems Trading,2.20.0,17.0,✓,✓,343.7,28.08.2026,✓,✓,✓,✓,✓,✓,✓,✓,✓,✓,✓,✗,✓,✓,✓,✓,✓,✓,✓,✓,✓,✓,✓,✓,✓,✓,✓,✓,✓
Яндекс Go: Такси Еда Доставка,,472650686,ru.yandex.ytaxi,Mikromobilnost doo,700.158.0,16.0,✓,✓,567.5,28.08.2026,✓,✓,✓,✓,✓,✓,✗,✓,✓,✓,✓,✗,✓,✓,✗,✓,✓,✗,✗,✓,✓,✓,✓,✓,✓,✓,✓,✓,✓
Яндекс ID – аутентификатор 2FA,,957324816,ru.yandex.mobile.kluch,Direct Cursus Computer Systems Trading,5.5.0,15.0,✓,✓,128.4,28.08.2026,✓,✓,✓,✓,✓,✓,✓,✓,✓,✓,✓,✗,✓,✓,✓,✓,✓,✓,✓,✓,✓,✓,✓,✓,✓,✓,✓,✓,✓
Яндекс Авиабилеты,,1033887671,ru.yandex.mobile.avia,Direct Cursus Computer Systems Trading,2.7.0,17.0,✓,✓,292.1,28.08.2026,✓,✓,✓,✓,✓,✓,✓,✓,✓,✓,✓,✗,✓,✓,✓,✓,✓,✓,✓,✓,✓,✓,✓,✓,✓,✓,✓,✓,✓
Яндекс Аптеки: заказ лекарств,,1438655106,ru.mail.vseapteki,Mikromobilnost doo,26.28.0,16.0,✓,✓,328.0,28.08.2026,✓,✓,✓,✓,✓,✓,✓,✓,✓,✓,✓,✗,✓,✗,✗,✗,✗,✗,✗,✗,✓,✓,✓,✓,✓,✓,✓,✓,✓
Яндекс Аренда,,1638372880,ru.yandex.mobile.arenda,Direct Cursus Computer Systems Trading,2.39,17.0,✓,✓,264.8,28.08.2026,✓,✓,✓,✓,✓,✓,✓,✓,✓,✓,✓,✗,✓,✓,✓,✓,✓,✓,✓,✓,✓,✗,✓,✓,✓,✓,✓,✓,✓
"Яндекс Афиша: культура, билеты",,1119361771,ru.yandex.mobile.afisha,Direct Cursus Computer Systems Trading,3.72.0,15.0,✓,✓,135.2,28.08.2026,✓,✗,✓,✓,✓,✓,✓,✓,✓,✓,✓,✗,✓,✓,✓,✓,✓,✓,✓,✓,✓,✓,✓,✓,✓,✓,✓,✓,✓
Яндекс Байк,,6749844556,ru.yandex.yandexbike.ios,Mikromobilnost doo,96.08,15.5,✓,✓,407.2,28.08.2026,✓,✗,✗,✗,✗,✗,✗,✗,✗,✗,✗,✗,✗,✗,✗,✗,✗,✗,✗,✗,✗,✗,✗,✗,✗,✗,✗,✗,✗
Яндекс Браузер для Организаций,,6742537534,ru.yandex.mobile.browser.corporate,Direct Cursus Computer Systems Trading,26.8.2.1008,15.0,✓,✓,335.2,28.08.2026,✓,✓,✓,✓,✓,✓,✓,✓,✓,✓,✓,✗,✓,✓,✓,✓,✓,✓,✓,✓,✗,✗,✓,✓,✓,✓,✓,✓,✓
Яндекс Браузер с Алисой AI,,483693909,ru.yandex.mobile.search,Direct Cursus Computer Systems Trading,26.8.5.722,15.0,✓,✓,344.0,28.08.2026,✓,✓,✓,✓,✓,✓,✓,✓,✓,✓,✓,✗,✓,✓,✓,✓,✓,✓,✓,✓,✗,✗,✓,✓,✓,✓,✓,✓,✓
Яндекс Вектор,,6748639364,com.yandex.corp.tracking.app.ios,Mikromobilnost doo,90.07,16.0,✓,✓,379.4,28.08.2026,✓,✓,✓,✓,✓,✓,✓,✓,✓,✓,✓,✓,✓,✓,✓,✓,✓,✓,✓,✓,✗,✗,✗,✓,✓,✓,✓,✓,✓
Яндекс Директ для бизнеса,,583627331,ru.yandex.direct,Direct Cursus Computer Systems Trading,4.12.0,16.0,✓,✓,100.5,28.08.2026,✓,✓,✓,✓,✓,✓,✓,✓,✓,✓,✓,✗,✓,✓,✓,✓,✓,✓,✓,✓,✓,✓,✓,✓,✓,✓,✓,✓,✓
Яндекс Диск - Хранилище фото,,553266487,ru.yandex.disk,Direct Cursus Computer Systems Trading,6.13.0,16.0,✓,✓,497.7,28.08.2026,✓,✓,✓,✓,✓,✓,✓,✓,✓,✓,✓,✓,✓,✓,✓,✓,✓,✓,✓,✓,✓,✗,✓,✓,✓,✓,✓,✓,✓
Яндекс Драйв: Каршеринг,,1318875022,ru.yandex.mobile.drive,Mikromobilnost doo,385.0.1,16.0,✓,✓,307.7,28.08.2026,✓,✗,✓,✓,✓,✓,✓,✓,✓,✓,✓,✗,✓,✓,✓,✓,✓,✓,✓,✓,✓,✓,✓,✓,✓,✓,✓,✓,✓
Яндекс Еда: доставка еды,,1078986931,com.appkode.foodfox,Mikromobilnost doo,26.35.0,16.0,✓,✓,326.6,28.08.2026,✓,✗,✓,✓,✓,✓,✓,✓,✗,✓,✓,✗,✓,✗,✗,✓,✗,✗,✗,✗,✓,✗,✓,✓,✓,✗,✓,✓,✓
Яндекс Заправки,,963153237,ru.yandex.mobile.gasstations,Mikromobilnost doo,523.0.0,15.0,✓,✓,270.8,28.08.2026,✓,✓,✓,✓,✓,✓,✓,✓,✓,✓,✓,✗,✓,✓,✗,✓,✓,✗,✗,✓,✓,✓,✓,✓,✓,✓,✓,✓,✓
Яндекс Игры,,1614060184,ru.yandex.mobile.games,Direct Cursus Computer Systems Trading,26.010.0,14.0,✓,✓,203.5,28.08.2026,✓,✓,✓,✓,✓,✓,✓,✓,✓,✓,✓,✗,✓,✗,✗,✗,✗,✗,✗,✗,✓,✓,✓,✓,✓,✓,✓,✓,✓
Яндекс Интернетометр,,6756872255,com.yandex.internetometer,Direct Cursus Computer Systems Trading,1.1.1,15.0,✓,✓,21.1,28.08.2026,✓,✓,✓,✓,✓,✓,✓,✓,✓,✓,✓,✓,✓,✓,✓,✓,✓,✓,✓,✓,✓,✓,✓,✓,✓,✓,✓,✓,✓
Яндекс Исполнители,,1559549371,ru.yandex.mobile.services.clients,Direct Cursus Computer Systems Trading,1.21,15.0,✓,✓,93.7,28.08.2026,✓,✗,✗,✗,✓,✓,✓,✓,✓,✓,✓,✗,✓,✗,✓,✗,✗,✓,✓,✗,✗,✗,✗,✗,✗,✓,✗,✗,✗
Яндекс Исполнители: заказы,,1537579597,ru.yandex.mobile.services,Direct Cursus Computer Systems Trading,1.21,15.0,✓,✓,94.5,28.08.2026,✓,✗,✗,✗,✓,✓,✓,✓,✓,✓,✓,✗,✓,✗,✓,✗,✗,✓,✓,✗,✗,✗,✗,✗,✗,✓,✗,✗,✗
Яндекс Календарь,,6621180502,com.yandex.calendar.app,Direct Cursus Computer Systems Trading,1.22.0,17.0,✓,✓,230.0,28.08.2026,✓,✓,✓,✓,✓,✓,✓,✓,✓,✓,✓,✓,✓,✓,✓,✓,✓,✓,✓,✓,✓,✓,✓,✓,✓,✓,✓,✓,✓
Яндекс Карты и Навигатор,,313877526,ru.yandex.traffic,Direct Cursus Computer Systems Trading,30.2.1,16.0,✓,✓,918.9,28.08.2026,✓,✓,✓,✓,✓,✓,✓,✓,✓,✓,✓,✗,✓,✓,✓,✓,✓,✓,✓,✓,✓,✗,✓,✓,✓,✓,✓,✓,✓
Яндекс Клавиатура,,1053139327,ru.yandex.mobile.keyboard,Direct Cursus Computer Systems Trading,26.16.0,15.0,✓,✓,277.6,28.08.2026,✓,✓,✓,✓,✓,✓,✓,✓,✓,✓,✓,✗,✓,✓,✓,✓,✓,✓,✓,✓,✓,✓,✓,✓,✓,✓,✓,✓,✓
Яндекс Книги: читать и слушать,,6443391664,ru.plus.bookmate,Direct Cursus Computer Systems Trading,2.85.0,16.0,✓,✓,337.4,28.08.2026,✓,✗,✗,✗,✓,✓,✓,✓,✓,✓,✗,✗,✓,✗,✗,✗,✗,✗,✗,✗,✗,✗,✗,✗,✗,✓,✗,✗,✗
Яндекс Лавка — заказ продуктов,,1515819287,ru.yandex.lavka,Mikromobilnost doo,2.45.0,16.0,✓,✓,356.1,28.08.2026,✓,✗,✓,✓,✗,✓,✓,✓,✓,✓,✓,✗,✗,✗,✗,✗,✗,✗,✗,✗,✓,✗,✓,✓,✓,✓,✓,✓,✓
Яндекс Маркет для продавцов,,1581770844,ru.yandex.mobile.market.partner,Mikromobilnost doo,2.77.1,16.0,✓,✓,194.1,28.08.2026,✓,✗,✓,✓,✓,✓,✓,✓,✓,✓,✓,✗,✗,✓,✓,✓,✓,✓,✓,✓,✓,✗,✓,✓,✓,✓,✓,✓,✓
Яндекс Маркет: покупки онлайн,,1369890634,ru.yandex.blue.market,Mikromobilnost doo,2026.34.1,15.0,✓,✓,238.1,28.08.2026,✓,✓,✓,✓,✓,✓,✓,✓,✓,✓,✓,✗,✗,✓,✓,✓,✓,✓,✓,✓,✓,✓,✓,✓,✓,✓,✓,✓,✓
Яндекс Маршрутизация,,6612025334,com.yandex.routeq,Direct Cursus Computer Systems Trading,2.17.02,16.0,✓,✓,389.0,28.08.2026,✓,✓,✗,✗,✓,✓,✓,✓,✓,✓,✗,✗,✓,✗,✗,✗,✗,✗,✗,✗,✗,✗,✗,✗,✗,✗,✗,✗,✗
Яндекс Мессенджер для бизнеса,,1124487701,ru.yandex.mobile.yamb,Direct Cursus Computer Systems Trading,24115.9,15.0,✓,✓,403.9,28.08.2026,✓,✓,✓,✓,✓,✓,✓,✓,✓,✓,✓,✓,✓,✓,✓,✓,✓,✓,✓,✓,✓,✗,✓,✓,✓,✓,✓,✓,✓
Яндекс Метро — Москва с МЦД,,392589075,ru.yandex.mobile.metro,Direct Cursus Computer Systems Trading,3.9.0,14.0,✓,✓,122.3,28.08.2026,✓,✓,✓,✓,✓,✓,✓,✓,✓,✓,✓,✗,✓,✓,✓,✓,✓,✓,✓,✓,✓,✓,✓,✓,✓,✓,✓,✓,✓
"Яндекс Музыка, книги, подкасты",,520797969,ru.yandex.mobile.music,Direct Cursus Computer Systems Trading,8.07,17.0,✓,✓,285.9,28.08.2026,✓,✗,✓,✗,✓,✓,✓,✓,✓,✓,✓,✗,✓,✗,✗,✗,✗,✗,✗,✗,✓,✓,✓,✓,✓,✓,✓,✓,✓
"Яндекс Навигатор – GPS, Пробки",,474500851,ru.yandex.mobile.navigator,Direct Cursus Computer Systems Trading,30.7.2,17.0,✓,✓,859.7,28.08.2026,✓,✓,✓,✓,✓,✓,✓,✓,✓,✓,✓,✗,✓,✓,✓,✓,✓,✓,✓,✓,✓,✗,✓,✓,✓,✓,✓,✓,✓
Яндекс Недвижимость. Квартиры,,1020247568,ru.yandex.mobile.realty,Direct Cursus Computer Systems Trading,7.5,17.0,✓,✓,279.4,28.08.2026,✓,✓,✓,✓,✓,✓,✓,✓,✓,✓,✓,✗,✓,✓,✓,✓,✓,✓,✓,✓,✓,✗,✓,✓,✓,✓,✓,✓,✓
Яндекс Переводчик,,584291439,ru.yandex.mobile.translate,Direct Cursus Computer Systems Trading,26.15.0,15.0,✓,✓,190.8,28.08.2026,✓,✓,✓,✓,✓,✓,✓,✓,✓,✓,✓,✓,✓,✓,✓,✓,✓,✓,✓,✓,✓,✓,✓,✓,✓,✓,✓,✓,✓
Яндекс Плюс,,6760909596,ru.superapp.plus,Direct Cursus Computer Systems Trading,1.6.0,17.0,✓,✓,464.7,01.09.2026,✓,✗,✗,✗,✗,✗,✗,✗,✗,✗,✗,✗,✗,✗,✗,✗,✗,✗,✗,✗,✗,✗,✗,✗,✗,✗,✗,✗,✗
Яндекс Погода — Карта осадков,,1041008044,ru.yandex.mobile.weather-v2,Direct Cursus Computer Systems Trading,26.09.20,17.0,✓,✓,166.2,28.08.2026,✓,✓,✗,✗,✓,✓,✓,✓,✓,✓,✓,✗,✓,✗,✓,✗,✗,✓,✓,✗,✗,✗,✗,✗,✗,✓,✗,✗,✗
Яндекс Почта,,441785419,ru.yandex.mail,Direct Cursus Computer Systems Trading,5.12.0,17.0,✓,✓,684.0,28.08.2026,✓,✓,✓,✓,✓,✓,✓,✓,✓,✓,✓,✗,✓,✓,✓,✓,✓,✓,✓,✓,✓,✓,✓,✓,✓,✓,✓,✓,✓
Яндекс Практикум: обучение,,1624666188,ru.yandex.practicum.flutter-practicum,Direct Cursus Computer Systems Trading,4.9.2,17.0,✓,✓,133.9,28.08.2026,✓,✗,✗,✗,✓,✗,✗,✓,✗,✗,✗,✗,✗,✗,✗,✗,✗,✗,✗,✗,✗,✗,✗,✗,✗,✗,✗,✗,✗
Яндекс Про: водители и курьеры,,1496904594,ru.yandex.taximeter.flutter.ios,Mikromobilnost doo,13.67.02,16.0,✓,✓,699.6,28.08.2026,✓,✓,✓,✓,✓,✓,✗,✓,✓,✓,✓,✗,✓,✓,✗,✓,✓,✗,✗,✓,✓,✗,✓,✓,✓,✓,✓,✓,✓
Яндекс Радио — все станции,,6748958021,ru.yandex.fmradio,Direct Cursus Computer Systems Trading,1.55,17.0,✓,✓,88.3,28.08.2026,✓,✓,✓,✓,✓,✓,✓,✓,✓,✓,✓,✗,✓,✗,✗,✗,✗,✗,✗,✗,✓,✓,✓,✓,✓,✓,✓,✓,✓
Яндекс Разговор: помощь глухим,,6443816148,ru.yandex.talk,Direct Cursus Computer Systems Trading,26.1.0,15.0,✓,✓,207.1,28.08.2026,✓,✓,✓,✓,✓,✓,✓,✓,✓,✓,✓,✓,✓,✓,✓,✓,✓,✓,✓,✓,✓,✓,✓,✓,✓,✓,✓,✓,✓
Яндекс Ритм: Идеи для покупок,,6477834713,ru.yandex.rhythm,Direct Cursus Computer Systems Trading,2.57,16.0,✓,✓,61.4,28.08.2026,✓,✓,✓,✓,✓,✓,✓,✓,✓,✓,✓,✓,✓,✓,✗,✓,✗,✗,✗,✗,✓,✓,✓,✓,✓,✓,✓,✓,✓
Яндекс Сим,,6762205316,ru.yandex.simapp,Direct Cursus Computer Systems Trading,1.1.0,15.0,✓,✓,56.7,28.08.2026,✓,✓,✗,✓,✓,✓,✗,✓,✓,✗,✗,✗,✓,✓,✗,✗,✗,✗,✗,✓,✗,✗,✗,✗,✗,✓,✗,✗,✗
Яндекс Смена для бизнеса,,6502285837,com.smena.demand,Mikromobilnost doo,1.43.0,15.0,✓,✓,130.1,28.08.2026,✓,✓,✓,✓,✓,✓,✗,✓,✓,✓,✓,✗,✓,✓,✗,✓,✓,✗,✗,✓,✓,✗,✓,✓,✓,✓,✓,✓,✓
Яндекс Смена: поиск подработки,,6449738595,com.yandex.bluecollars.ios,Mikromobilnost doo,96.14.01,16.0,✓,✓,465.0,28.08.2026,✓,✓,✓,✓,✓,✓,✗,✓,✓,✓,✓,✗,✓,✓,✗,✓,✓,✗,✗,✓,✓,✗,✓,✓,✓,✓,✓,✓,✓
Яндекс Трекер,,1351761680,ru.yandex.mobile.tracker,Direct Cursus Computer Systems Trading,2.18.0,16.5.1,✓,✓,25.3,28.08.2026,✓,✓,✓,✓,✓,✓,✓,✓,✓,✓,✓,✓,✓,✓,✓,✓,✓,✓,✓,✓,✓,✓,✓,✓,✓,✓,✓,✓,✓
Яндекс Цветы: доставка букетов,,6780427339,ru.yandex.flowers,Mikromobilnost doo,26.35.0,16.0,✓,✓,318.1,28.08.2026,✓,✓,✓,✓,✓,✓,✓,✓,✓,✓,✓,✗,✓,✗,✗,✗,✗,✗,✗,✗,✓,✓,✓,✓,✓,✓,✓,✓,✓
Яндекс Чаевые: на карту по QR,,1513175603,com.chaevieprostoApp,Yandex LLC,3.0.7,13.4,✓,✓,18.5,28.08.2026,✓,✓,✓,✓,✓,✓,✓,✓,✓,✓,✓,✓,✓,✓,✓,✓,✓,✓,✓,✓,✓,✓,✓,✓,✓,✓,✓,✓,✓
Яндекс Электрички и ЖД билеты,,387272416,ru.yandex.rasp,Direct Cursus Computer Systems Trading,3.48.0,16.0,✓,✓,261.5,28.08.2026,✓,✓,✓,✓,✓,✓,✓,✓,✓,✓,✓,✓,✓,✓,✓,✓,✓,✓,✓,✓,✓,✓,✓,✓,✓,✓,✓,✓,✓
Яндекс — с Алисой AI,,1050704155,ru.yandex.mobile,Direct Cursus Computer Systems Trading,26.8.5.718,15.0,✓,✓,389.0,28.08.2026,✓,✗,✓,✓,✓,✓,✓,✓,✓,✓,✓,✗,✓,✓,✓,✗,✓,✓,✓,✓,✓,✗,✓,✓,✓,✓,✓,✓,✓
Яндекс.Авто с поддержкой Bosch,,1470055725,ru.yandex.mobile.auto,Direct Cursus Computer Systems Trading,1.20,12.0,✓,✓,35.8,28.08.2026,✓,✓,✓,✓,✓,✓,✓,✓,✓,✓,✓,✗,✓,✓,✓,✓,✓,✓,✓,✓,✓,✗,✓,✓,✓,✓,✓,✓,✓
Ярмарка Дома,Своё | Родное,6781311617,com.housefair.app,Anton Mozloev,2.35.1,13.0,✓,✓,161.4,28.08.2026,✓,✓,✓,✓,✓,✓,✓,✓,✓,✓,✓,✓,✓,✓,✓,✓,✓,✓,✓,✓,✓,✓,✓,✓,✓,✓,✓,✓,✓
